Camera Number,Round Number,Start date,End Date,Camera.Model,Camera.Sensitivity,Capture.Delay,Vegetation.Structure,Path.Type,Area.Behind.Camera,Bottleneck.,Livestock.Present.,Agricultural.Presence,Days.Operational,Cattle.Sightings
1,1,,,NA,NA,NA,NA,NA,NA,NA,NA,NA,NA,NA
1,2,30/08/2020,15/09/2020,Browning DARK OPS HD PRO X - Normal Sensitivity,Normal,1 minute,Grassland,Dirt path less than 1m wide,Fence,Yes,Livestock lightly present,Next to an orchard/vineyard,16,0
1,3,15/09/2020,29/09/2020,Browning DARK OPS HD PRO X - Normal Sensitivity,Normal,30 seconds,Grassland,Dirt path less than 1m wide,Fence,Yes,Livestock lightly present,Next to an orchard/vineyard,14,0
1,4,29/09/2020,13/10/2020,Browning DARK OPS HD PRO X - Normal Sensitivity,Normal,30 seconds,Grassland,Dirt path less than 1m wide,Fence,Yes,Livestock lightly present,Next to an orchard/vineyard,14,0
1,5,13/10/2020,27/10/2020,Browning DARK OPS HD PRO X - Normal Sensitivity,Normal,30 seconds,Grassland,Dirt path less than 1m wide,Fence,Yes,Livestock lightly present,Next to an orchard/vineyard,14,0
1,6,27/10/2020,22/11/2020,Browning DARK OPS HD PRO X - Normal Sensitivity,Normal,30 seconds,Grassland,Dirt path less than 1m wide,Fence,Yes,Livestock lightly present,Next to an orchard/vineyard,26,6
1,7,22/11/2020,13/12/2020,Browning DARK OPS HD PRO X - Normal Sensitivity,Normal,30 seconds,Grassland,Dirt path less than 1m wide,Fence,Yes,Livestock lightly present,Next to an orchard/vineyard,21,126
2,1,,,NA,NA,NA,NA,NA,NA,NA,NA,NA,NA,NA
2,2,30/08/2020,15/09/2020,Browning DARK OPS HD PRO X - Normal Sensitivity,Normal,1 minute,Grassland,Paved road,Fence,No,Livestock very present,Not near orchard/vineyard,16,0
2,3,15/09/2020,29/09/2020,Browning DARK OPS HD PRO X - Normal Sensitivity,Normal,1 minute,Grassland,Paved road,Fence,No,Livestock very present,Not near orchard/vineyard,14,0
2,4,29/09/2020,13/10/2020,NA,NA,NA,NA,NA,NA,NA,NA,NA,NA,NA
2,5,,,NA,NA,NA,NA,NA,NA,NA,NA,NA,NA,NA
2,6,,,NA,NA,NA,NA,NA,NA,NA,NA,NA,NA,NA
2,7,,,NA,NA,NA,NA,NA,NA,NA,NA,NA,NA,NA
3,1,20/08/2020,30/08/2020,Browning DARK OPS HD PRO X - Long Sensitivity,Long,30 seconds,Tree Cover Overhead,Dirt path more than 1m wide,Impassable due to topography,Yes,Livestock lightly present,Next to an orchard/vineyard,10,0
3,2,30/08/2020,15/09/2020,Browning DARK OPS HD PRO X - Normal Sensitivity,Normal,30 seconds,Tree Cover Overhead,Dirt path more than 1m wide,Impassable due to topography,Yes,Livestock lightly present,Next to an orchard/vineyard,16,0
3,3,15/09/2020,29/09/2020,Browning DARK OPS HD PRO X - Normal Sensitivity,Normal,30 seconds,Tree Cover Overhead,Dirt path more than 1m wide,Impassable due to topography,Yes,Livestock lightly present,Next to an orchard/vineyard,14,0
3,4,29/09/2020,13/10/2020,Browning DARK OPS HD PRO X - Normal Sensitivity,Normal,30 seconds,Tree Cover Overhead,Dirt path more than 1m wide,Impassable due to topography,Yes,Livestock lightly present,Next to an orchard/vineyard,14,0
3,5,13/10/2020,27/10/2020,Browning DARK OPS HD PRO X - Normal Sensitivity,Normal,30 seconds,Tree Cover Overhead,Dirt path more than 1m wide,Impassable due to topography,Yes,Livestock lightly present,Next to an orchard/vineyard,14,0
3,6,27/10/2020,22/11/2020,Browning DARK OPS HD PRO X - Normal Sensitivity,Normal,30 seconds,Tree Cover Overhead,Dirt path more than 1m wide,Impassable due to topography,Yes,Livestock lightly present,Next to an orchard/vineyard,26,112
3,7,22/11/2020,13/12/2020,Browning DARK OPS HD PRO X - Normal Sensitivity,Normal,30 seconds,Tree Cover Overhead,Dirt path more than 1m wide,Impassable due to topography,Yes,Livestock lightly present,Next to an orchard/vineyard,21,94
4,1,,,NA,NA,NA,NA,NA,NA,NA,NA,NA,NA,NA
4,2,,,NA,NA,NA,NA,NA,NA,NA,NA,NA,NA,NA
4,3,15/09/2020,29/09/2020,Browning DARK OPS HD PRO X - Normal Sensitivity,Normal,30 seconds,Grassland,Dirt path more than 1m wide,Fence,No,No livestock presence,Not near orchard/vineyard,14,0
4,4,29/09/2020,13/10/2020,Browning DARK OPS HD PRO X - Normal Sensitivity,Normal,30 seconds,Grassland,Dirt path more than 1m wide,Fence,No,No livestock presence,Not near orchard/vineyard,14,14
4,5,13/10/2020,27/10/2020,Browning DARK OPS HD PRO X - Normal Sensitivity,Normal,30 seconds,Grassland,Dirt path more than 1m wide,Fence,No,No livestock presence,Not near orchard/vineyard,14,0
4,6,27/10/2020,22/11/2020,Browning DARK OPS HD PRO X - Normal Sensitivity,Normal,30 seconds,Grassland,Dirt path more than 1m wide,Fence,No,No livestock presence,Not near orchard/vineyard,26,0
4,7,22/11/2020,08/12/2020,Browning DARK OPS HD PRO X - Normal Sensitivity,Normal,30 seconds,Grassland,Dirt path more than 1m wide,Fence,No,No livestock presence,Not near orchard/vineyard,16,63
5,1,20/08/2020,30/08/2020,Browning DARK OPS HD PRO X - Long Sensitivity,Long,30 seconds,Grassland,4x4 Road with off-road vehicles,Impassable due to topography,No,Livestock lightly present,Not near orchard/vineyard,10,0
5,2,30/08/2020,15/09/2020,Browning DARK OPS HD PRO X - Normal Sensitivity,Normal,30 seconds,Grassland,4x4 Road with off-road vehicles,Impassable due to topography,No,Livestock lightly present,Not near orchard/vineyard,16,8
5,3,15/09/2020,29/09/2020,Browning DARK OPS HD PRO X - Normal Sensitivity,Normal,30 seconds,Grassland,4x4 Road with off-road vehicles,Impassable due to topography,No,Livestock lightly present,Not near orchard/vineyard,14,0
5,4,29/09/2020,13/10/2020,Browning DARK OPS HD PRO X - Normal Sensitivity,Normal,30 seconds,Grassland,4x4 Road with off-road vehicles,Impassable due to topography,No,Livestock lightly present,Not near orchard/vineyard,14,3
5,5,13/10/2020,27/10/2020,Browning DARK OPS HD PRO X - Normal Sensitivity,Normal,30 seconds,Grassland,4x4 Road with off-road vehicles,Impassable due to topography,No,Livestock lightly present,Not near orchard/vineyard,14,0
5,6,27/10/2020,22/11/2020,Browning DARK OPS HD PRO X - Normal Sensitivity,Normal,30 seconds,Grassland,4x4 Road with off-road vehicles,Impassable due to topography,No,Livestock lightly present,Not near orchard/vineyard,26,0
5,7,22/11/2020,13/12/2020,Browning DARK OPS HD PRO X - Normal Sensitivity,Normal,30 seconds,Grassland,4x4 Road with off-road vehicles,Impassable due to topography,No,Livestock lightly present,Not near orchard/vineyard,21,76
6,1,24/08/2020,10/09/2020,Browning DARK OPS HD PRO X - Long Sensitivity,Long,30 seconds,Shrubs < 2 m,4x4 Road with off-road vehicles,Clear,Yes,Livestock very present,Not near orchard/vineyard,17,7
6,2,10/09/2020,30/09/2020,Browning DARK OPS HD PRO X - Normal Sensitivity,Normal,30 seconds,Shrubs < 2 m,4x4 Road with off-road vehicles,Clear,Yes,Livestock very present,Not near orchard/vineyard,20,17
6,3,30/09/2020,13/10/2020,Browning DARK OPS HD PRO X - Normal Sensitivity,Normal,1 minute,Shrubs < 2 m,4x4 Road with off-road vehicles,Clear,Yes,Livestock very present,Not near orchard/vineyard,13,12
6,4,13/10/2020,01/11/2020,Browning DARK OPS HD PRO X - Normal Sensitivity,Normal,1 minute,Shrubs < 2 m,4x4 Road with off-road vehicles,Clear,Yes,Livestock very present,Not near orchard/vineyard,19,10
6,5,01/11/2020,30/11/2020,Browning DARK OPS HD PRO X - Normal Sensitivity,Normal,30 seconds,Shrubs < 2 m,4x4 Road with off-road vehicles,Clear,Yes,Livestock very present,Not near orchard/vineyard,29,0
6,6,30/11/2020,14/12/2020,Browning DARK OPS HD PRO X - Normal Sensitivity,Normal,30 seconds,Shrubs < 2 m,4x4 Road with off-road vehicles,Clear,Yes,Livestock very present,Not near orchard/vineyard,14,96
6,7,,,NA,NA,NA,NA,NA,NA,NA,NA,NA,NA,NA
7,1,24/08/2020,09/09/2020,Browning DARK OPS HD PRO X - Long Sensitivity,Long,30 seconds,Grassland,Dirt path more than 1m wide,Clear,No,Livestock very present,Not near orchard/vineyard,16,6
7,2,09/09/2020,30/09/2020,Browning DARK OPS HD PRO X - Long Sensitivity,Long,30 seconds,Grassland,Dirt path more than 1m wide,Clear,No,Livestock very present,Not near orchard/vineyard,21,1
7,3,30/09/2020,13/10/2020,Browning DARK OPS HD PRO X - Normal Sensitivity,Normal,30 seconds,Grassland,Dirt path more than 1m wide,Clear,No,Livestock very present,Not near orchard/vineyard,13,0
7,4,13/10/2020,01/11/2020,Browning DARK OPS HD PRO X - Normal Sensitivity,Normal,30 seconds,Grassland,Dirt path more than 1m wide,Clear,No,Livestock very present,Not near orchard/vineyard,19,0
7,5,01/11/2020,30/11/2020,Browning DARK OPS HD PRO X - Normal Sensitivity,Normal,30 seconds,Grassland,Dirt path more than 1m wide,Clear,No,Livestock very present,Not near orchard/vineyard,29,0
7,6,30/11/2020,14/12/2020,Browning DARK OPS HD PRO X - Normal Sensitivity,Normal,30 seconds,Grassland,Dirt path more than 1m wide,Clear,No,Livestock very present,Not near orchard/vineyard,14,0
7,7,,,NA,NA,NA,NA,NA,NA,NA,NA,NA,NA,NA
8,1,24/08/2020,10/09/2020,Browning DARK OPS HD PRO X - Long Sensitivity,Long,30 seconds,Grassland,4x4 Road with off-road vehicles,Clear,No,Livestock very present,Not near orchard/vineyard,17,21
8,2,10/09/2020,30/09/2020,Browning DARK OPS HD PRO X - Long Sensitivity,Long,30 seconds,Grassland,4x4 Road with off-road vehicles,Clear,No,Livestock very present,Not near orchard/vineyard,20,14
8,3,30/09/2020,16/10/2020,Browning DARK OPS HD PRO X - Normal Sensitivity,Normal,30 seconds,Grassland,4x4 Road with off-road vehicles,Clear,No,Livestock very present,Not near orchard/vineyard,16,21
8,4,16/10/2020,01/11/2020,Browning DARK OPS HD PRO X - Normal Sensitivity,Normal,30 seconds,Grassland,4x4 Road with off-road vehicles,Clear,No,Livestock very present,Not near orchard/vineyard,16,1
8,5,01/11/2020,04/12/2020,Browning DARK OPS HD PRO X - Normal Sensitivity,Normal,30 seconds,Grassland,4x4 Road with off-road vehicles,Clear,No,Livestock very present,Not near orchard/vineyard,33,62
8,6,04/12/2020,14/12/2020,Browning DARK OPS HD PRO X - Normal Sensitivity,Normal,30 seconds,Grassland,4x4 Road with off-road vehicles,Clear,No,Livestock very present,Not near orchard/vineyard,10,152
8,7,,,NA,NA,NA,NA,NA,NA,NA,NA,NA,NA,NA
9,1,24/08/2020,10/09/2020,Browning DARK OPS HD PRO X - Long Sensitivity,Long,30 seconds,Grassland,4x4 Road with off-road vehicles,Clear,No,Livestock very present,Not near orchard/vineyard,17,0
9,2,10/09/2020,30/09/2020,Browning DARK OPS HD PRO X - Long Sensitivity,Long,30 seconds,Grassland,4x4 Road with off-road vehicles,Clear,No,Livestock very present,Not near orchard/vineyard,20,0
9,3,30/09/2020,16/10/2020,Browning DARK OPS HD PRO X - Long Sensitivity,Long,30 seconds,Grassland,4x4 Road with off-road vehicles,Clear,No,Livestock very present,Not near orchard/vineyard,16,0
9,4,16/10/2020,01/11/2020,Browning DARK OPS HD PRO X - Long Sensitivity,Long,30 seconds,Grassland,4x4 Road with off-road vehicles,Clear,No,Livestock very present,Not near orchard/vineyard,16,6
9,5,01/11/2020,22/11/2020,Browning DARK OPS HD PRO X - Long Sensitivity,Long,30 seconds,Grassland,4x4 Road with off-road vehicles,Clear,No,Livestock very present,Not near orchard/vineyard,21,38
9,6,22/11/2020,14/12/2020,Browning DARK OPS HD PRO X - Long Sensitivity,Long,30 seconds,Grassland,4x4 Road with off-road vehicles,Clear,No,Livestock very present,Not near orchard/vineyard,22,62
9,7,,,NA,NA,NA,NA,NA,NA,NA,NA,NA,NA,NA
10,1,24/08/2020,08/09/2020,Browning DARK OPS HD PRO X - Long Sensitivity,Long,30 seconds,Grassland,Paved road,Clear,No,No livestock presence,Not near orchard/vineyard,15,0
10,2,08/09/2020,30/09/2020,Browning DARK OPS HD PRO X - Long Sensitivity,Long,30 seconds,Grassland,Paved road,Clear,No,No livestock presence,Not near orchard/vineyard,22,0
10,3,30/09/2020,16/10/2020,Browning DARK OPS HD PRO X - Normal Sensitivity,Normal,30 seconds,Grassland,Paved road,Clear,No,No livestock presence,Not near orchard/vineyard,16,0
10,4,16/10/2020,01/11/2020,Browning DARK OPS HD PRO X - Normal Sensitivity,Normal,30 seconds,Grassland,Paved road,Clear,No,No livestock presence,Not near orchard/vineyard,16,0
10,5,01/11/2020,22/11/2020,Browning DARK OPS HD PRO X - Normal Sensitivity,Normal,30 seconds,Grassland,Paved road,Clear,No,No livestock presence,Not near orchard/vineyard,21,0
10,6,22/11/2020,13/12/2020,Browning DARK OPS HD PRO X - Normal Sensitivity,Normal,30 seconds,Grassland,Paved road,Clear,No,No livestock presence,Not near orchard/vineyard,21,0
10,7,,,NA,NA,NA,NA,NA,NA,NA,NA,NA,NA,NA
11,1,24/08/2020,07/09/2020,Browning DARK OPS HD PRO X - Long Sensitivity,Long,30 seconds,Tree Cover Overhead,Paved road,Fence,No,No livestock presence,Not near orchard/vineyard,14,0
11,2,07/09/2020,30/09/2020,Browning DARK OPS HD PRO X - Normal Sensitivity,Normal,1 minute,Tree Cover Overhead,Paved road,Fence,No,No livestock presence,Not near orchard/vineyard,23,0
11,3,30/09/2020,14/10/2020,Browning DARK OPS HD PRO X - Normal Sensitivity,Normal,1 minute,Tree Cover Overhead,Paved road,Fence,No,No livestock presence,Not near orchard/vineyard,14,0
11,4,14/10/2020,27/10/2020,Browning DARK OPS HD PRO X - Normal Sensitivity,Normal,1 minute,Tree Cover Overhead,Paved road,Fence,No,No livestock presence,Not near orchard/vineyard,13,0
11,5,27/10/2020,23/11/2020,Browning DARK OPS HD PRO X - Normal Sensitivity,Normal,1 minute,Tree Cover Overhead,Paved road,Fence,No,No livestock presence,Not near orchard/vineyard,27,0
11,6,23/11/2020,14/12/2020,Browning DARK OPS HD PRO X - Normal Sensitivity,Normal,1 minute,Tree Cover Overhead,Paved road,Fence,No,No livestock presence,Not near orchard/vineyard,21,0
11,7,,,NA,NA,NA,NA,NA,NA,NA,NA,NA,NA,NA
12,1,,,NA,NA,NA,NA,NA,NA,NA,NA,NA,NA,NA
12,2,08/09/2020,30/09/2020,Browning DARK OPS HD PRO X - Normal Sensitivity,Normal,1 minute,Grassland,4x4 Road with off-road vehicles,Clear,No,Livestock lightly present,Not near orchard/vineyard,22,0
12,3,30/09/2020,14/10/2020,Browning DARK OPS HD PRO X - Normal Sensitivity,Normal,1 minute,Grassland,4x4 Road with off-road vehicles,Clear,No,Livestock lightly present,Not near orchard/vineyard,14,0
12,4,14/10/2020,27/10/2020,Browning DARK OPS HD PRO X - Normal Sensitivity,Normal,1 minute,Grassland,4x4 Road with off-road vehicles,Clear,No,Livestock lightly present,Not near orchard/vineyard,13,0
12,5,27/10/2020,23/11/2020,Browning DARK OPS HD PRO X - Normal Sensitivity,Normal,1 minute,Grassland,4x4 Road with off-road vehicles,Clear,No,Livestock lightly present,Not near orchard/vineyard,27,0
12,6,23/11/2020,14/12/2020,Browning DARK OPS HD PRO X - Normal Sensitivity,Normal,1 minute,Grassland,4x4 Road with off-road vehicles,Clear,No,Livestock lightly present,Not near orchard/vineyard,21,0
12,7,,,NA,NA,NA,NA,NA,NA,NA,NA,NA,NA,NA
13,1,24/08/2020,08/09/2020,Browning DARK OPS HD PRO X - Long Sensitivity,Long,30 seconds,Grassland,Paved road,Clear,No,No livestock presence,Not near orchard/vineyard,15,0
13,2,08/09/2020,30/09/2020,Browning DARK OPS HD PRO X - Long Sensitivity,Long,30 seconds,Grassland,Paved road,Clear,No,No livestock presence,Not near orchard/vineyard,22,0
13,3,30/09/2020,14/10/2020,Browning DARK OPS HD PRO X - Long Sensitivity,Long,30 seconds,Grassland,Paved road,Clear,No,No livestock presence,Not near orchard/vineyard,14,0
13,4,14/10/2020,27/10/2020,Browning DARK OPS HD PRO X - Long Sensitivity,Long,30 seconds,Grassland,Paved road,Clear,No,No livestock presence,Not near orchard/vineyard,13,0
13,5,27/10/2020,22/11/2020,Browning DARK OPS HD PRO X - Long Sensitivity,Long,30 seconds,Grassland,Paved road,Clear,No,No livestock presence,Not near orchard/vineyard,26,0
13,6,22/11/2020,14/12/2020,Browning DARK OPS HD PRO X - Long Sensitivity,Long,30 seconds,Grassland,Paved road,Clear,No,No livestock presence,Not near orchard/vineyard,22,0
13,7,,,NA,NA,NA,NA,NA,NA,NA,NA,NA,NA,NA
14,1,24/08/2020,08/09/2020,Browning DARK OPS HD PRO X - Long Sensitivity,Long,30 seconds,Grassland,Paved road,Clear,Yes,No livestock presence,Not near orchard/vineyard,15,0
14,2,08/09/2020,30/09/2020,Browning DARK OPS HD PRO X - Normal Sensitivity,Normal,1 minute,Grassland,Paved road,Clear,Yes,No livestock presence,Not near orchard/vineyard,22,0
14,3,30/09/2020,14/10/2020,Browning DARK OPS HD PRO X - Normal Sensitivity,Normal,1 minute,Grassland,Paved road,Clear,Yes,No livestock presence,Not near orchard/vineyard,14,0
14,4,14/10/2020,27/10/2020,Browning DARK OPS HD PRO X - Normal Sensitivity,Normal,1 minute,Grassland,Paved road,Clear,Yes,No livestock presence,Not near orchard/vineyard,13,0
14,5,27/10/2020,22/11/2020,Browning DARK OPS HD PRO X - Normal Sensitivity,Normal,1 minute,Grassland,Paved road,Clear,Yes,No livestock presence,Not near orchard/vineyard,26,0
14,6,22/11/2020,14/12/2020,Browning DARK OPS HD PRO X - Normal Sensitivity,Normal,1 minute,Grassland,Paved road,Clear,Yes,No livestock presence,Not near orchard/vineyard,22,0
14,7,,,NA,NA,NA,NA,NA,NA,NA,NA,NA,NA,NA
15,1,24/08/2020,08/09/2020,Browning DARK OPS HD PRO X - Long Sensitivity,Long,30 seconds,Grassland,Dirt path more than 1m wide,Impassable due to topography,No,Livestock very present,Not near orchard/vineyard,15,0
15,2,08/09/2020,30/09/2020,Browning DARK OPS HD PRO X - Normal Sensitivity,Normal,1 minute,Grassland,Dirt path more than 1m wide,Impassable due to topography,No,Livestock very present,Not near orchard/vineyard,22,0
15,3,30/09/2020,13/10/2020,Browning DARK OPS HD PRO X - Normal Sensitivity,Normal,1 minute,Grassland,Dirt path more than 1m wide,Impassable due to topography,No,Livestock very present,Not near orchard/vineyard,13,0
15,4,13/10/2020,27/10/2020,Browning DARK OPS HD PRO X - Normal Sensitivity,Normal,1 minute,Grassland,Dirt path more than 1m wide,Impassable due to topography,No,Livestock very present,Not near orchard/vineyard,14,0
15,5,27/10/2020,22/11/2020,Browning DARK OPS HD PRO X - Normal Sensitivity,Normal,1 minute,Grassland,Dirt path more than 1m wide,Impassable due to topography,No,Livestock very present,Not near orchard/vineyard,26,0
15,6,22/11/2020,14/12/2020,Browning DARK OPS HD PRO X - Normal Sensitivity,Normal,1 minute,Grassland,Dirt path more than 1m wide,Impassable due to topography,No,Livestock very present,Not near orchard/vineyard,22,0
15,7,,,NA,NA,NA,NA,NA,NA,NA,NA,NA,NA,NA
16,1,25/08/2020,10/09/2020,Browning DARK OPS HD PRO X - Long Sensitivity,Long,30 seconds,Grassland,4x4 Road with off-road vehicles,Clear,No,Livestock very present,Not near orchard/vineyard,16,11
16,2,10/09/2020,01/10/2020,Browning DARK OPS HD PRO X - Normal Sensitivity,Normal,1 minute,Grassland,4x4 Road with off-road vehicles,Clear,No,Livestock very present,Not near orchard/vineyard,21,11
16,3,01/10/2020,14/10/2020,Browning DARK OPS HD PRO X - Normal Sensitivity,Normal,1 minute,Grassland,4x4 Road with off-road vehicles,Clear,No,Livestock very present,Not near orchard/vineyard,13,6
16,4,14/10/2020,09/11/2020,Browning DARK OPS HD PRO X - Normal Sensitivity,Normal,1 minute,Grassland,4x4 Road with off-road vehicles,Clear,No,Livestock very present,Not near orchard/vineyard,26,10
16,5,,,NA,NA,NA,NA,NA,NA,NA,NA,NA,NA,NA
16,6,,,NA,NA,NA,NA,NA,NA,NA,NA,NA,NA,NA
16,7,,,NA,NA,NA,NA,NA,NA,NA,NA,NA,NA,NA
17,1,25/08/2020,10/09/2020,Browning DARK OPS HD PRO X - Long Sensitivity,Long,30 seconds,Grassland,4x4 Road with off-road vehicles,Clear,No,Livestock very present,Not near orchard/vineyard,16,56
17,2,10/09/2020,01/10/2020,Browning DARK OPS HD PRO X - Long Sensitivity,Long,30 seconds,Grassland,4x4 Road with off-road vehicles,Clear,No,Livestock very present,Not near orchard/vineyard,21,134
17,3,01/10/2020,14/10/2020,Browning DARK OPS HD PRO X - Normal Sensitivity,Normal,1 minute,Grassland,4x4 Road with off-road vehicles,Clear,No,Livestock very present,Not near orchard/vineyard,13,31
17,4,14/10/2020,09/11/2020,Browning DARK OPS HD PRO X - Normal Sensitivity,Normal,30 seconds,Grassland,4x4 Road with off-road vehicles,Clear,No,Livestock very present,Not near orchard/vineyard,26,9
17,5,09/11/2020,29/11/2020,Browning DARK OPS HD PRO X - Normal Sensitivity,Normal,30 seconds,Grassland,4x4 Road with off-road vehicles,Clear,No,Livestock very present,Not near orchard/vineyard,20,17
17,6,29/11/2020,13/12/2020,Browning DARK OPS HD PRO X - Normal Sensitivity,Normal,30 seconds,Grassland,4x4 Road with off-road vehicles,Clear,No,Livestock very present,Not near orchard/vineyard,14,59
17,7,,,NA,NA,NA,NA,NA,NA,NA,NA,NA,NA,NA
18,1,25/08/2020,10/09/2020,Browning DARK OPS HD PRO X - Long Sensitivity,Long,30 seconds,Grassland,Paved road,Fence,No,Livestock very present,Next to an orchard/vineyard,16,0
18,2,10/09/2020,01/10/2020,Browning DARK OPS HD PRO X - Long Sensitivity,Long,30 seconds,Grassland,Paved road,Fence,No,Livestock very present,Next to an orchard/vineyard,21,0
18,3,01/10/2020,14/10/2020,Browning DARK OPS HD PRO X - Long Sensitivity,Long,30 seconds,Grassland,Paved road,Fence,No,Livestock very present,Next to an orchard/vineyard,13,0
18,4,14/10/2020,09/11/2020,Browning DARK OPS HD PRO X - Long Sensitivity,Long,30 seconds,Grassland,Paved road,Fence,No,Livestock very present,Next to an orchard/vineyard,26,0
18,5,09/11/2020,29/11/2020,Browning DARK OPS HD PRO X - Long Sensitivity,Long,30 seconds,Grassland,Paved road,Fence,No,Livestock very present,Next to an orchard/vineyard,20,136
18,6,29/11/2020,13/12/2020,Browning DARK OPS HD PRO X - Long Sensitivity,Long,30 seconds,Grassland,Paved road,Fence,No,Livestock very present,Next to an orchard/vineyard,14,0
18,7,,,NA,NA,NA,NA,NA,NA,NA,NA,NA,NA,NA
19,1,25/08/2020,10/09/2020,Browning DARK OPS HD PRO X - Long Sensitivity,Long,30 seconds,Grassland,4x4 Road with off-road vehicles,Clear,No,Livestock lightly present,Not near orchard/vineyard,16,0
19,2,10/09/2020,01/10/2020,Browning DARK OPS HD PRO X - Long Sensitivity,Long,30 seconds,Grassland,4x4 Road with off-road vehicles,Clear,No,Livestock lightly present,Not near orchard/vineyard,21,0
19,3,01/10/2020,14/10/2020,Browning DARK OPS HD PRO X - Long Sensitivity,Long,30 seconds,Grassland,4x4 Road with off-road vehicles,Clear,No,Livestock lightly present,Not near orchard/vineyard,13,15
19,4,,,NA,NA,NA,NA,NA,NA,NA,NA,NA,NA,NA
19,5,09/11/2020,29/11/2020,Browning DARK OPS HD MAX,Long,30 seconds,Grassland,4x4 Road with off-road vehicles,Clear,No,Livestock lightly present,Not near orchard/vineyard,20,28
19,6,29/11/2020,13/12/2020,Browning DARK OPS HD MAX,Normal,30 seconds,Grassland,4x4 Road with off-road vehicles,Clear,No,Livestock lightly present,Not near orchard/vineyard,14,12
19,7,,,NA,NA,NA,NA,NA,NA,NA,NA,NA,NA,NA
20,1,25/08/2020,10/09/2020,Browning DARK OPS HD PRO X - Long Sensitivity,Long,30 seconds,Grassland,4x4 Road with off-road vehicles,Impassable due to topography,No,Livestock lightly present,Not near orchard/vineyard,16,0
20,2,10/09/2020,01/10/2020,Browning DARK OPS HD PRO X - Normal Sensitivity,Normal,1 minute,Grassland,4x4 Road with off-road vehicles,Impassable due to topography,No,Livestock lightly present,Not near orchard/vineyard,21,0
20,3,01/10/2020,14/10/2020,Browning DARK OPS HD PRO X - Normal Sensitivity,Normal,1 minute,Grassland,4x4 Road with off-road vehicles,Impassable due to topography,No,Livestock lightly present,Not near orchard/vineyard,13,0
20,4,14/10/2020,09/11/2020,Browning DARK OPS HD PRO X - Normal Sensitivity,Normal,1 minute,Grassland,4x4 Road with off-road vehicles,Impassable due to topography,No,Livestock lightly present,Not near orchard/vineyard,26,0
20,5,09/11/2020,29/11/2020,Browning DARK OPS HD PRO X - Normal Sensitivity,Normal,1 minute,Grassland,4x4 Road with off-road vehicles,Impassable due to topography,No,Livestock lightly present,Not near orchard/vineyard,20,0
20,6,29/11/2020,13/12/2020,Browning DARK OPS HD PRO X - Normal Sensitivity,Normal,30 seconds,Grassland,4x4 Road with off-road vehicles,Impassable due to topography,No,Livestock lightly present,Not near orchard/vineyard,14,0
20,7,,,NA,NA,NA,NA,NA,NA,NA,NA,NA,NA,NA
21,1,26/08/2020,07/09/2020,Browning DARK OPS HD PRO X - Long Sensitivity,Long,30 seconds,Grassland,Paved road,Clear,No,No livestock presence,Not near orchard/vineyard,12,0
21,2,07/09/2020,05/10/2020,Browning DARK OPS HD PRO X - Normal Sensitivity,Normal,1 minute,Grassland,Paved road,Clear,No,No livestock presence,Not near orchard/vineyard,28,0
21,3,05/10/2020,14/10/2020,Browning DARK OPS HD PRO X - Normal Sensitivity,Normal,1 minute,Grassland,Paved road,Clear,No,No livestock presence,Not near orchard/vineyard,9,0
21,4,14/10/2020,02/11/2020,Browning DARK OPS HD PRO X - Normal Sensitivity,Normal,1 minute,Grassland,Paved road,Clear,No,No livestock presence,Not near orchard/vineyard,19,0
21,5,02/11/2020,23/11/2020,Browning DARK OPS HD PRO X - Normal Sensitivity,Normal,1 minute,Grassland,Paved road,Clear,No,No livestock presence,Not near orchard/vineyard,21,0
21,6,23/11/2020,14/12/2020,Browning DARK OPS HD PRO X - Normal Sensitivity,Normal,1 minute,Grassland,Paved road,Clear,No,No livestock presence,Not near orchard/vineyard,21,0
21,7,,,NA,NA,NA,NA,NA,NA,NA,NA,NA,NA,NA
22,1,26/08/2020,07/09/2020,Browning DARK OPS HD PRO X - Long Sensitivity,Long,30 seconds,Grassland,4x4 Road with off-road vehicles,Clear,No,No livestock presence,Not near orchard/vineyard,12,0
22,2,,,NA,NA,NA,NA,NA,NA,NA,NA,NA,NA,NA
22,3,05/10/2020,14/10/2020,Browning DARK OPS HD MAX,Normal,30 seconds,Grassland,4x4 Road with off-road vehicles,Clear,No,No livestock presence,Not near orchard/vineyard,9,0
22,4,14/10/2020,02/11/2020,Browning DARK OPS HD MAX,Normal,30 seconds,Grassland,4x4 Road with off-road vehicles,Clear,No,No livestock presence,Not near orchard/vineyard,19,0
22,5,02/11/2020,23/11/2020,Browning DARK OPS HD MAX,Normal,30 seconds,Grassland,4x4 Road with off-road vehicles,Clear,No,No livestock presence,Not near orchard/vineyard,21,0
22,6,23/11/2020,14/12/2020,Browning DARK OPS HD MAX,Normal,30 seconds,Grassland,4x4 Road with off-road vehicles,Clear,No,No livestock presence,Not near orchard/vineyard,21,0
22,7,,,NA,NA,NA,NA,NA,NA,NA,NA,NA,NA,NA
23,1,26/08/2020,07/09/2020,Browning DARK OPS HD PRO X - Long Sensitivity,Long,30 seconds,Grassland,Animal path without vehicles,Clear,Yes,No livestock presence,Not near orchard/vineyard,12,0
23,2,07/09/2020,05/10/2020,Browning DARK OPS HD PRO X - Normal Sensitivity,Normal,1 minute,Grassland,Animal path without vehicles,Clear,Yes,No livestock presence,Not near orchard/vineyard,28,0
23,3,05/10/2020,14/10/2020,Browning DARK OPS HD PRO X - Normal Sensitivity,Normal,1 minute,Grassland,Animal path without vehicles,Clear,Yes,No livestock presence,Not near orchard/vineyard,9,0
23,4,14/10/2020,02/11/2020,Browning DARK OPS HD PRO X - Normal Sensitivity,Normal,1 minute,Grassland,Animal path without vehicles,Clear,Yes,No livestock presence,Not near orchard/vineyard,19,0
23,5,02/11/2020,23/11/2020,Browning DARK OPS HD PRO X - Normal Sensitivity,Normal,1 minute,Grassland,Animal path without vehicles,Clear,Yes,No livestock presence,Not near orchard/vineyard,21,0
23,6,23/11/2020,14/12/2020,Browning DARK OPS HD PRO X - Normal Sensitivity,Normal,1 minute,Grassland,Animal path without vehicles,Clear,Yes,No livestock presence,Not near orchard/vineyard,21,0
23,7,,,NA,NA,NA,NA,NA,NA,NA,NA,NA,NA,NA
24,1,26/08/2020,07/09/2020,Browning DARK OPS HD PRO X - Long Sensitivity,Long,30 seconds,Tree Cover Overhead,4x4 Road with off-road vehicles,Obstructed by vegetation,No,No livestock presence,Not near orchard/vineyard,12,0
24,2,07/09/2020,05/10/2020,Browning DARK OPS HD PRO X - Normal Sensitivity,Normal,1 minute,Tree Cover Overhead,4x4 Road with off-road vehicles,Obstructed by vegetation,No,No livestock presence,Not near orchard/vineyard,28,0
24,3,05/10/2020,14/10/2020,Browning DARK OPS HD PRO X - Normal Sensitivity,Normal,1 minute,Tree Cover Overhead,4x4 Road with off-road vehicles,Obstructed by vegetation,No,No livestock presence,Not near orchard/vineyard,9,0
24,4,14/10/2020,02/11/2020,Browning DARK OPS HD PRO X - Normal Sensitivity,Normal,1 minute,Tree Cover Overhead,4x4 Road with off-road vehicles,Obstructed by vegetation,No,No livestock presence,Not near orchard/vineyard,19,2
24,5,02/11/2020,23/11/2020,Browning DARK OPS HD PRO X - Normal Sensitivity,Normal,30 seconds,Tree Cover Overhead,4x4 Road with off-road vehicles,Obstructed by vegetation,No,No livestock presence,Not near orchard/vineyard,21,0
24,6,23/11/2020,14/12/2020,Browning DARK OPS HD PRO X - Normal Sensitivity,Normal,30 seconds,Tree Cover Overhead,4x4 Road with off-road vehicles,Obstructed by vegetation,No,No livestock presence,Not near orchard/vineyard,21,2
24,7,,,NA,NA,NA,NA,NA,NA,NA,NA,NA,NA,NA
25,1,26/08/2020,07/09/2020,Browning DARK OPS HD PRO X - Long Sensitivity,Long,30 seconds,Grassland,4x4 Road with off-road vehicles,Clear,Yes,No livestock presence,Not near orchard/vineyard,12,0
25,2,07/09/2020,05/10/2020,Browning DARK OPS HD PRO X - Normal Sensitivity,Normal,1 minute,Grassland,4x4 Road with off-road vehicles,Clear,Yes,No livestock presence,Not near orchard/vineyard,28,0
25,3,05/10/2020,14/10/2020,Browning DARK OPS HD PRO X - Normal Sensitivity,Normal,1 minute,Grassland,4x4 Road with off-road vehicles,Clear,Yes,No livestock presence,Not near orchard/vineyard,9,0
25,4,14/10/2020,02/11/2020,Browning DARK OPS HD PRO X - Normal Sensitivity,Normal,1 minute,Grassland,4x4 Road with off-road vehicles,Clear,Yes,No livestock presence,Not near orchard/vineyard,19,0
25,5,02/11/2020,23/11/2020,Browning DARK OPS HD PRO X - Normal Sensitivity,Normal,1 minute,Grassland,4x4 Road with off-road vehicles,Clear,Yes,No livestock presence,Not near orchard/vineyard,21,0
25,6,23/11/2020,14/12/2020,Browning DARK OPS HD PRO X - Normal Sensitivity,Normal,1 minute,Grassland,4x4 Road with off-road vehicles,Clear,Yes,No livestock presence,Not near orchard/vineyard,21,1
25,7,,,NA,NA,NA,NA,NA,NA,NA,NA,NA,NA,NA
26,1,27/08/2020,01/09/2020,Browning DARK OPS HD PRO X - Long Sensitivity,Long,30 seconds,Grassland,4x4 Road with off-road vehicles,Clear,No,Livestock lightly present,Not near orchard/vineyard,5,30
26,2,01/09/2020,17/09/2020,Browning DARK OPS HD PRO X - Normal Sensitivity,Normal,30 seconds,Grassland,4x4 Road with off-road vehicles,Clear,No,Livestock lightly present,Not near orchard/vineyard,16,37
26,3,17/09/2020,05/10/2020,Browning DARK OPS HD PRO X - Long Sensitivity,Long,30 seconds,Grassland,4x4 Road with off-road vehicles,Clear,No,Livestock lightly present,Not near orchard/vineyard,18,14
26,4,05/10/2020,18/10/2020,Browning DARK OPS HD PRO X - Long Sensitivity,Long,30 seconds,Grassland,4x4 Road with off-road vehicles,Clear,No,Livestock lightly present,Not near orchard/vineyard,13,36
26,5,18/10/2020,02/11/2020,Browning DARK OPS HD PRO X - Long Sensitivity,Long,30 seconds,Grassland,4x4 Road with off-road vehicles,Clear,No,Livestock lightly present,Not near orchard/vineyard,15,6
26,6,02/11/2020,23/11/2020,Browning DARK OPS HD PRO X - Long Sensitivity,Long,30 seconds,Grassland,4x4 Road with off-road vehicles,Clear,No,Livestock lightly present,Not near orchard/vineyard,21,67
26,7,23/11/2020,14/12/2020,Browning DARK OPS HD PRO X - Long Sensitivity,Long,30 seconds,Grassland,4x4 Road with off-road vehicles,Clear,No,Livestock lightly present,Not near orchard/vineyard,21,7
27,1,27/08/2020,01/09/2020,Browning DARK OPS HD PRO X - Long Sensitivity,Long,30 seconds,Grassland,4x4 Road with off-road vehicles,Fence,Yes,No livestock presence,Not near orchard/vineyard,5,0
27,2,01/09/2020,17/09/2020,Browning DARK OPS HD PRO X - Normal Sensitivity,Normal,1 minute,Grassland,4x4 Road with off-road vehicles,Fence,Yes,No livestock presence,Not near orchard/vineyard,16,0
27,3,17/09/2020,05/10/2020,Browning DARK OPS HD PRO X - Normal Sensitivity,Normal,1 minute,Grassland,4x4 Road with off-road vehicles,Fence,Yes,No livestock presence,Not near orchard/vineyard,18,12
27,4,05/10/2020,18/10/2020,Browning DARK OPS HD PRO X - Normal Sensitivity,Normal,1 minute,Grassland,4x4 Road with off-road vehicles,Fence,Yes,No livestock presence,Not near orchard/vineyard,13,0
27,5,18/10/2020,02/11/2020,Browning DARK OPS HD PRO X - Normal Sensitivity,Normal,1 minute,Grassland,4x4 Road with off-road vehicles,Fence,Yes,No livestock presence,Not near orchard/vineyard,15,0
27,6,02/11/2020,23/11/2020,Browning DARK OPS HD PRO X - Normal Sensitivity,Normal,1 minute,Grassland,4x4 Road with off-road vehicles,Fence,Yes,No livestock presence,Not near orchard/vineyard,21,4
27,7,23/11/2020,14/12/2020,Browning DARK OPS HD PRO X - Normal Sensitivity,Normal,1 minute,Grassland,4x4 Road with off-road vehicles,Fence,Yes,No livestock presence,Not near orchard/vineyard,21,9
28,1,,,NA,NA,NA,NA,NA,NA,NA,NA,NA,NA,NA
28,2,01/09/2020,17/09/2020,Browning DARK OPS HD PRO X - Normal Sensitivity,Normal,1 minute,Grassland,Dirt path more than 1m wide,Impassable due to topography,Yes,No livestock presence,Not near orchard/vineyard,16,0
28,3,17/09/2020,05/10/2020,Browning DARK OPS HD PRO X - Normal Sensitivity,Normal,1 minute,Grassland,Dirt path more than 1m wide,Impassable due to topography,Yes,No livestock presence,Not near orchard/vineyard,18,2
28,4,05/10/2020,18/10/2020,Browning DARK OPS HD PRO X - Normal Sensitivity,Normal,1 minute,Grassland,Dirt path more than 1m wide,Impassable due to topography,Yes,No livestock presence,Not near orchard/vineyard,13,0
28,5,18/10/2020,02/11/2020,Browning DARK OPS HD PRO X - Normal Sensitivity,Normal,1 minute,Grassland,Dirt path more than 1m wide,Impassable due to topography,Yes,No livestock presence,Not near orchard/vineyard,15,0
28,6,02/11/2020,23/11/2020,Browning DARK OPS HD PRO X - Normal Sensitivity,Normal,1 minute,Grassland,Dirt path more than 1m wide,Impassable due to topography,Yes,No livestock presence,Not near orchard/vineyard,21,0
28,7,23/11/2020,14/12/2020,Browning DARK OPS HD PRO X - Normal Sensitivity,Normal,1 minute,Grassland,Dirt path more than 1m wide,Impassable due to topography,Yes,No livestock presence,Not near orchard/vineyard,21,0
29,1,27/08/2020,01/09/2020,Browning DARK OPS HD PRO X - Long Sensitivity,Long,30 seconds,Grassland,Dirt path more than 1m wide,Clear,No,No livestock presence,Not near orchard/vineyard,5,0
29,2,01/09/2020,17/09/2020,Browning DARK OPS HD PRO X - Normal Sensitivity,Normal,1 minute,Grassland,Dirt path more than 1m wide,Clear,No,No livestock presence,Not near orchard/vineyard,16,0
29,3,17/09/2020,05/10/2020,Browning DARK OPS HD PRO X - Normal Sensitivity,Normal,1 minute,Grassland,Dirt path more than 1m wide,Clear,No,No livestock presence,Not near orchard/vineyard,18,5
29,4,05/10/2020,18/10/2020,Browning DARK OPS HD PRO X - Normal Sensitivity,Normal,1 minute,Grassland,Dirt path more than 1m wide,Clear,No,No livestock presence,Not near orchard/vineyard,13,0
29,5,18/10/2020,02/11/2020,Browning DARK OPS HD PRO X - Normal Sensitivity,Normal,1 minute,Grassland,Dirt path more than 1m wide,Clear,No,No livestock presence,Not near orchard/vineyard,15,0
29,6,02/11/2020,23/11/2020,Browning DARK OPS HD PRO X - Normal Sensitivity,Normal,1 minute,Grassland,Dirt path more than 1m wide,Clear,No,No livestock presence,Not near orchard/vineyard,21,4
29,7,23/11/2020,14/12/2020,Browning DARK OPS HD PRO X - Normal Sensitivity,Normal,30 seconds,Grassland,Dirt path more than 1m wide,Clear,No,No livestock presence,Not near orchard/vineyard,21,0
30,1,,,NA,NA,NA,NA,NA,NA,NA,NA,NA,NA,NA
30,2,01/09/2020,17/09/2020,Browning DARK OPS HD PRO X - Normal Sensitivity,Normal,1 minute,Grassland,Dirt path more than 1m wide,Impassable due to topography,Yes,No livestock presence,Not near orchard/vineyard,16,0
30,3,17/09/2020,05/10/2020,Browning DARK OPS HD PRO X - Normal Sensitivity,Normal,1 minute,Grassland,Dirt path more than 1m wide,Impassable due to topography,Yes,No livestock presence,Not near orchard/vineyard,18,11
30,4,05/10/2020,18/10/2020,Browning DARK OPS HD PRO X - Normal Sensitivity,Normal,1 minute,Grassland,Dirt path more than 1m wide,Impassable due to topography,Yes,No livestock presence,Not near orchard/vineyard,13,0
30,5,18/10/2020,02/11/2020,Browning DARK OPS HD PRO X - Normal Sensitivity,Normal,1 minute,Grassland,Dirt path more than 1m wide,Impassable due to topography,Yes,No livestock presence,Not near orchard/vineyard,15,0
30,6,02/11/2020,23/11/2020,Browning DARK OPS HD PRO X - Normal Sensitivity,Normal,1 minute,Grassland,Dirt path more than 1m wide,Impassable due to topography,Yes,No livestock presence,Not near orchard/vineyard,21,9
30,7,23/11/2020,14/12/2020,Browning DARK OPS HD PRO X - Normal Sensitivity,Normal,1 minute,Grassland,Dirt path more than 1m wide,Impassable due to topography,Yes,No livestock presence,Not near orchard/vineyard,21,0
31,1,27/08/2020,13/09/2020,Browning DARK OPS HD PRO X - Normal Sensitivity,Normal,1 minute,Tree Cover Overhead,4x4 Road with off-road vehicles,Obstructed by vegetation,No,Livestock lightly present,Not near orchard/vineyard,17,0
31,2,13/09/2020,05/10/2020,Browning DARK OPS HD PRO X - Normal Sensitivity,Normal,30 seconds,Tree Cover Overhead,4x4 Road with off-road vehicles,Obstructed by vegetation,No,Livestock lightly present,Not near orchard/vineyard,22,0
31,3,05/10/2020,18/10/2020,Browning DARK OPS HD PRO X - Normal Sensitivity,Normal,30 seconds,Tree Cover Overhead,4x4 Road with off-road vehicles,Obstructed by vegetation,No,Livestock lightly present,Not near orchard/vineyard,13,1
31,4,18/10/2020,09/11/2020,Browning DARK OPS HD PRO X - Normal Sensitivity,Normal,30 seconds,Tree Cover Overhead,4x4 Road with off-road vehicles,Obstructed by vegetation,No,Livestock lightly present,Not near orchard/vineyard,22,0
31,5,09/11/2020,01/12/2020,Browning DARK OPS HD PRO X - Normal Sensitivity,Normal,30 seconds,Tree Cover Overhead,4x4 Road with off-road vehicles,Obstructed by vegetation,No,Livestock lightly present,Not near orchard/vineyard,22,0
31,6,01/12/2020,14/12/2020,Browning DARK OPS HD PRO X - Normal Sensitivity,Normal,30 seconds,Tree Cover Overhead,4x4 Road with off-road vehicles,Obstructed by vegetation,No,Livestock lightly present,Not near orchard/vineyard,13,0
31,7,,,NA,NA,NA,NA,NA,NA,NA,NA,NA,NA,NA
32,1,27/08/2020,13/09/2020,Browning DARK OPS HD PRO X - Normal Sensitivity,Normal,1 minute,Tree Cover Overhead,Animal path without vehicles,Obstructed by vegetation,No,Livestock very present,Not near orchard/vineyard,17,29
32,2,13/09/2020,05/10/2020,Browning DARK OPS HD PRO X - Normal Sensitivity,Normal,1 minute,Tree Cover Overhead,Animal path without vehicles,Obstructed by vegetation,No,Livestock very present,Not near orchard/vineyard,22,96
32,3,05/10/2020,18/10/2020,Browning DARK OPS HD PRO X - Normal Sensitivity,Normal,1 minute,Tree Cover Overhead,Animal path without vehicles,Obstructed by vegetation,No,Livestock very present,Not near orchard/vineyard,13,179
32,4,18/10/2020,09/11/2020,Browning DARK OPS HD PRO X - Normal Sensitivity,Normal,1 minute,Tree Cover Overhead,Animal path without vehicles,Obstructed by vegetation,No,Livestock very present,Not near orchard/vineyard,22,180
32,5,09/11/2020,01/12/2020,Browning DARK OPS HD PRO X - Normal Sensitivity,Normal,1 minute,Tree Cover Overhead,Animal path without vehicles,Obstructed by vegetation,No,Livestock very present,Not near orchard/vineyard,22,48
32,6,01/12/2020,14/12/2020,Browning DARK OPS HD PRO X - Normal Sensitivity,Normal,30 seconds,Tree Cover Overhead,Animal path without vehicles,Obstructed by vegetation,No,Livestock very present,Not near orchard/vineyard,13,68
32,7,,,NA,NA,NA,NA,NA,NA,NA,NA,NA,NA,NA
33,1,27/08/2020,13/09/2020,Browning DARK OPS HD PRO X - Normal Sensitivity,Normal,1 minute,Tree Cover Overhead,4x4 Road with off-road vehicles,Obstructed by vegetation,Yes,Livestock very present,Not near orchard/vineyard,17,94
33,2,13/09/2020,05/10/2020,Browning DARK OPS HD PRO X - Normal Sensitivity,Normal,30 seconds,Tree Cover Overhead,4x4 Road with off-road vehicles,Obstructed by vegetation,Yes,Livestock very present,Not near orchard/vineyard,22,64
33,3,05/10/2020,18/10/2020,Browning DARK OPS HD PRO X - Normal Sensitivity,Normal,30 seconds,Tree Cover Overhead,4x4 Road with off-road vehicles,Obstructed by vegetation,Yes,Livestock very present,Not near orchard/vineyard,13,68
33,4,18/10/2020,09/11/2020,Browning DARK OPS HD PRO X - Normal Sensitivity,Normal,30 seconds,Tree Cover Overhead,4x4 Road with off-road vehicles,Obstructed by vegetation,Yes,Livestock very present,Not near orchard/vineyard,22,87
33,5,09/11/2020,01/12/2020,Browning DARK OPS HD PRO X - Normal Sensitivity,Normal,30 seconds,Tree Cover Overhead,4x4 Road with off-road vehicles,Obstructed by vegetation,Yes,Livestock very present,Not near orchard/vineyard,22,160
33,6,01/12/2020,14/12/2020,Browning DARK OPS HD PRO X - Normal Sensitivity,Normal,30 seconds,Tree Cover Overhead,4x4 Road with off-road vehicles,Obstructed by vegetation,Yes,Livestock very present,Not near orchard/vineyard,13,193
33,7,,,NA,NA,NA,NA,NA,NA,NA,NA,NA,NA,NA
34,1,31/08/2020,13/09/2020,Browning DARK OPS HD PRO X - Normal Sensitivity,Normal,1 minute,Tree Cover Overhead,Dirt path more than 1m wide,Obstructed by vegetation,Yes,Livestock lightly present,Not near orchard/vineyard,13,8
34,2,13/09/2020,05/10/2020,Browning DARK OPS HD PRO X - Normal Sensitivity,Normal,30 seconds,Tree Cover Overhead,Dirt path more than 1m wide,Obstructed by vegetation,Yes,Livestock lightly present,Not near orchard/vineyard,22,14
34,3,05/10/2020,18/10/2020,Browning DARK OPS HD PRO X - Long Sensitivity,Long,30 seconds,Tree Cover Overhead,Dirt path more than 1m wide,Obstructed by vegetation,Yes,Livestock lightly present,Not near orchard/vineyard,13,18
34,4,18/10/2020,09/11/2020,Browning DARK OPS HD PRO X - Long Sensitivity,Long,30 seconds,Tree Cover Overhead,Dirt path more than 1m wide,Obstructed by vegetation,Yes,Livestock lightly present,Not near orchard/vineyard,22,37
34,5,09/11/2020,01/12/2020,Browning DARK OPS HD PRO X - Long Sensitivity,Long,30 seconds,Tree Cover Overhead,Dirt path more than 1m wide,Obstructed by vegetation,Yes,Livestock lightly present,Not near orchard/vineyard,22,28
34,6,01/12/2020,14/12/2020,Browning DARK OPS HD PRO X - Long Sensitivity,Long,30 seconds,Tree Cover Overhead,Dirt path more than 1m wide,Obstructed by vegetation,Yes,Livestock lightly present,Not near orchard/vineyard,13,30
34,7,,,NA,NA,NA,NA,NA,NA,NA,NA,NA,NA,NA
35,1,31/08/2020,13/09/2020,Browning DARK OPS HD PRO X - Normal Sensitivity,Normal,1 minute,Tree Cover Overhead,Dirt path more than 1m wide,Clear,Yes,Livestock lightly present,Not near orchard/vineyard,13,37
35,2,13/09/2020,05/10/2020,Browning DARK OPS HD PRO X - Normal Sensitivity,Normal,30 seconds,Tree Cover Overhead,Dirt path more than 1m wide,Clear,Yes,Livestock lightly present,Not near orchard/vineyard,22,56
35,3,05/10/2020,18/10/2020,Browning DARK OPS HD PRO X - Long Sensitivity,Long,30 seconds,Tree Cover Overhead,Dirt path more than 1m wide,Clear,Yes,Livestock lightly present,Not near orchard/vineyard,13,65
35,4,18/10/2020,09/11/2020,Browning DARK OPS HD PRO X - Long Sensitivity,Long,30 seconds,Tree Cover Overhead,Dirt path more than 1m wide,Clear,Yes,Livestock lightly present,Not near orchard/vineyard,22,75
35,5,09/11/2020,01/12/2020,Browning DARK OPS HD PRO X - Long Sensitivity,Long,30 seconds,Tree Cover Overhead,Dirt path more than 1m wide,Clear,Yes,Livestock lightly present,Not near orchard/vineyard,22,57
35,6,01/12/2020,14/12/2020,Browning DARK OPS HD PRO X - Long Sensitivity,Long,30 seconds,Tree Cover Overhead,Dirt path more than 1m wide,Clear,Yes,Livestock lightly present,Not near orchard/vineyard,13,27
35,7,,,NA,NA,NA,NA,NA,NA,NA,NA,NA,NA,NA
36,1,31/08/2020,16/09/2020,Browning DARK OPS HD PRO X - Long Sensitivity,Long,30 seconds,Shrubs > 2 m,4x4 Road with off-road vehicles,Impassable due to topography,No,Livestock lightly present,Not near orchard/vineyard,16,0
36,2,16/09/2020,01/10/2020,Browning DARK OPS HD PRO X - Long Sensitivity,Long,30 seconds,Shrubs > 2 m,4x4 Road with off-road vehicles,Impassable due to topography,No,Livestock lightly present,Not near orchard/vineyard,15,0
36,3,01/10/2020,18/10/2020,Browning DARK OPS HD PRO X - Long Sensitivity,Long,30 seconds,Shrubs > 2 m,4x4 Road with off-road vehicles,Impassable due to topography,No,Livestock lightly present,Not near orchard/vineyard,17,0
36,4,18/10/2020,16/11/2020,Browning DARK OPS HD PRO X - Long Sensitivity,Long,30 seconds,Shrubs > 2 m,4x4 Road with off-road vehicles,Impassable due to topography,No,Livestock lightly present,Not near orchard/vineyard,29,0
36,5,16/11/2020,01/12/2020,Browning DARK OPS HD PRO X - Long Sensitivity,Long,30 seconds,Shrubs > 2 m,4x4 Road with off-road vehicles,Impassable due to topography,No,Livestock lightly present,Not near orchard/vineyard,15,0
36,6,01/12/2020,14/12/2020,Browning DARK OPS HD PRO X - Long Sensitivity,Long,30 seconds,Shrubs > 2 m,4x4 Road with off-road vehicles,Impassable due to topography,No,Livestock lightly present,Not near orchard/vineyard,13,0
36,7,,,NA,NA,NA,NA,NA,NA,NA,NA,NA,NA,NA
37,1,31/08/2020,16/09/2020,Browning DARK OPS HD PRO X - Long Sensitivity,Long,1 minute,Grassland,4x4 Road with off-road vehicles,Obstructed by vegetation,No,No livestock presence,Not near orchard/vineyard,16,0
37,2,16/09/2020,01/10/2020,Browning DARK OPS HD PRO X - Long Sensitivity,Long,1 minute,Grassland,4x4 Road with off-road vehicles,Obstructed by vegetation,No,No livestock presence,Not near orchard/vineyard,15,0
37,3,01/10/2020,18/10/2020,Browning DARK OPS HD PRO X - Long Sensitivity,Long,1 minute,Grassland,4x4 Road with off-road vehicles,Obstructed by vegetation,No,No livestock presence,Not near orchard/vineyard,17,7
37,4,18/10/2020,16/11/2020,Browning DARK OPS HD PRO X - Long Sensitivity,Long,1 minute,Grassland,4x4 Road with off-road vehicles,Obstructed by vegetation,No,No livestock presence,Not near orchard/vineyard,29,1
37,5,16/11/2020,01/12/2020,Browning DARK OPS HD PRO X - Normal Sensitivity,Normal,30 seconds,Grassland,4x4 Road with off-road vehicles,Obstructed by vegetation,No,No livestock presence,Not near orchard/vineyard,15,17
37,6,01/12/2020,14/12/2020,Browning DARK OPS HD PRO X - Normal Sensitivity,Normal,30 seconds,Grassland,4x4 Road with off-road vehicles,Obstructed by vegetation,No,No livestock presence,Not near orchard/vineyard,13,18
37,7,,,NA,NA,NA,NA,NA,NA,NA,NA,NA,NA,NA
38,1,31/08/2020,17/09/2020,Browning DARK OPS HD PRO X - Normal Sensitivity,Normal,1 minute,Grassland,4x4 Road with off-road vehicles,Clear,No,Livestock lightly present,Not near orchard/vineyard,17,206
38,2,17/09/2020,01/10/2020,Browning DARK OPS HD PRO X - Normal Sensitivity,Normal,1 minute,Grassland,4x4 Road with off-road vehicles,Clear,No,Livestock lightly present,Not near orchard/vineyard,14,87
38,3,01/10/2020,18/10/2020,Browning DARK OPS HD PRO X - Normal Sensitivity,Normal,1 minute,Grassland,4x4 Road with off-road vehicles,Clear,No,Livestock lightly present,Not near orchard/vineyard,17,44
38,4,18/10/2020,16/11/2020,Browning DARK OPS HD PRO X - Normal Sensitivity,Normal,1 minute,Grassland,4x4 Road with off-road vehicles,Clear,No,Livestock lightly present,Not near orchard/vineyard,29,214
38,5,16/11/2020,01/12/2020,Browning DARK OPS HD PRO X - Normal Sensitivity,Normal,1 minute,Grassland,4x4 Road with off-road vehicles,Clear,No,Livestock lightly present,Not near orchard/vineyard,15,289
38,6,01/12/2020,15/12/2020,Browning DARK OPS HD PRO X - Normal Sensitivity,Normal,30 seconds,Grassland,4x4 Road with off-road vehicles,Clear,No,Livestock lightly present,Not near orchard/vineyard,14,354
38,7,,,NA,NA,NA,NA,NA,NA,NA,NA,NA,NA,NA
39,1,01/09/2020,16/09/2020,Browning DARK OPS HD PRO X - Normal Sensitivity,Normal,1 minute,Shrubs > 2 m,Dirt path more than 1m wide,Obstructed by vegetation,No,No livestock presence,Not near orchard/vineyard,15,1
39,2,16/09/2020,01/10/2020,Browning DARK OPS HD PRO X - Normal Sensitivity,Normal,1 minute,Shrubs > 2 m,Dirt path more than 1m wide,Obstructed by vegetation,No,No livestock presence,Not near orchard/vineyard,15,0
39,3,01/10/2020,18/10/2020,Browning DARK OPS HD PRO X - Normal Sensitivity,Normal,1 minute,Shrubs > 2 m,Dirt path more than 1m wide,Obstructed by vegetation,No,No livestock presence,Not near orchard/vineyard,17,0
39,4,18/10/2020,16/11/2020,Browning DARK OPS HD PRO X - Normal Sensitivity,Normal,1 minute,Shrubs > 2 m,Dirt path more than 1m wide,Obstructed by vegetation,No,No livestock presence,Not near orchard/vineyard,29,0
39,5,16/11/2020,01/12/2020,Browning DARK OPS HD PRO X - Normal Sensitivity,Normal,1 minute,Shrubs > 2 m,Dirt path more than 1m wide,Obstructed by vegetation,No,No livestock presence,Not near orchard/vineyard,15,0
39,6,01/12/2020,14/12/2020,Browning DARK OPS HD PRO X - Normal Sensitivity,Normal,1 minute,Shrubs > 2 m,Dirt path more than 1m wide,Obstructed by vegetation,No,No livestock presence,Not near orchard/vineyard,13,0
39,7,,,NA,NA,NA,NA,NA,NA,NA,NA,NA,NA,NA
40,1,01/09/2020,17/09/2020,Browning DARK OPS HD PRO X - Normal Sensitivity,Normal,30 seconds,Grassland,4x4 Road with off-road vehicles,Obstructed by vegetation,No,Livestock lightly present,Not near orchard/vineyard,16,29
40,2,17/09/2020,01/10/2020,Browning DARK OPS HD PRO X - Normal Sensitivity,Normal,30 seconds,Grassland,4x4 Road with off-road vehicles,Obstructed by vegetation,No,Livestock lightly present,Not near orchard/vineyard,14,72
40,3,01/10/2020,18/10/2020,Browning DARK OPS HD PRO X - Normal Sensitivity,Normal,30 seconds,Grassland,4x4 Road with off-road vehicles,Obstructed by vegetation,No,Livestock lightly present,Not near orchard/vineyard,17,42
40,4,18/10/2020,16/11/2020,Browning DARK OPS HD PRO X - Normal Sensitivity,Normal,1 minute,Grassland,4x4 Road with off-road vehicles,Obstructed by vegetation,No,Livestock lightly present,Not near orchard/vineyard,29,17
40,5,16/11/2020,01/12/2020,Browning DARK OPS HD PRO X - Normal Sensitivity,Normal,30 seconds,Grassland,4x4 Road with off-road vehicles,Obstructed by vegetation,No,Livestock lightly present,Not near orchard/vineyard,15,3
40,6,01/12/2020,15/12/2020,Browning DARK OPS HD PRO X - Normal Sensitivity,Normal,30 seconds,Grassland,4x4 Road with off-road vehicles,Obstructed by vegetation,No,Livestock lightly present,Not near orchard/vineyard,14,33
40,7,,,NA,NA,NA,NA,NA,NA,NA,NA,NA,NA,NA
41,1,03/09/2020,16/09/2020,Browning DARK OPS HD PRO X - Normal Sensitivity,Normal,1 minute,Shrubs > 2 m,Animal path without vehicles,Obstructed by vegetation,No,Livestock very present,Not near orchard/vineyard,13,0
41,2,16/09/2020,05/10/2020,Browning DARK OPS HD PRO X - Normal Sensitivity,Normal,1 minute,Shrubs > 2 m,Animal path without vehicles,Obstructed by vegetation,No,Livestock very present,Not near orchard/vineyard,19,21
41,3,05/10/2020,18/10/2020,Browning DARK OPS HD PRO X - Normal Sensitivity,Normal,1 minute,Shrubs > 2 m,Animal path without vehicles,Obstructed by vegetation,No,Livestock very present,Not near orchard/vineyard,13,48
41,4,18/10/2020,16/11/2020,Browning DARK OPS HD PRO X - Normal Sensitivity,Normal,1 minute,Shrubs > 2 m,Animal path without vehicles,Obstructed by vegetation,No,Livestock very present,Not near orchard/vineyard,29,35
41,5,16/11/2020,01/12/2020,Browning DARK OPS HD PRO X - Normal Sensitivity,Normal,1 minute,Shrubs > 2 m,Animal path without vehicles,Obstructed by vegetation,No,Livestock very present,Not near orchard/vineyard,15,3
41,6,01/12/2020,15/12/2020,Browning DARK OPS HD PRO X - Normal Sensitivity,Normal,30 seconds,Shrubs > 2 m,Animal path without vehicles,Obstructed by vegetation,No,Livestock very present,Not near orchard/vineyard,14,2
41,7,,,NA,NA,NA,NA,NA,NA,NA,NA,NA,NA,NA
42,1,03/09/2020,16/09/2020,Browning DARK OPS HD PRO X - Normal Sensitivity,Normal,1 minute,Grassland,4x4 Road with off-road vehicles,Impassable due to topography,No,Livestock very present,Not near orchard/vineyard,13,3
42,2,16/09/2020,05/10/2020,Browning DARK OPS HD PRO X - Normal Sensitivity,Normal,1 minute,Grassland,4x4 Road with off-road vehicles,Impassable due to topography,No,Livestock very present,Not near orchard/vineyard,19,3
42,3,05/10/2020,18/10/2020,Browning DARK OPS HD PRO X - Normal Sensitivity,Normal,1 minute,Grassland,4x4 Road with off-road vehicles,Impassable due to topography,No,Livestock very present,Not near orchard/vineyard,13,9
42,4,18/10/2020,16/11/2020,Browning DARK OPS HD PRO X - Normal Sensitivity,Normal,1 minute,Grassland,4x4 Road with off-road vehicles,Impassable due to topography,No,Livestock very present,Not near orchard/vineyard,29,2
42,5,16/11/2020,01/12/2020,Browning DARK OPS HD PRO X - Normal Sensitivity,Normal,1 minute,Grassland,4x4 Road with off-road vehicles,Impassable due to topography,No,Livestock very present,Not near orchard/vineyard,15,2
42,6,01/12/2020,15/12/2020,Browning DARK OPS HD PRO X - Normal Sensitivity,Normal,30 seconds,Grassland,4x4 Road with off-road vehicles,Impassable due to topography,No,Livestock very present,Not near orchard/vineyard,14,3
42,7,,,NA,NA,NA,NA,NA,NA,NA,NA,NA,NA,NA
43,1,03/09/2020,16/09/2020,Browning DARK OPS HD PRO X - Normal Sensitivity,Normal,1 minute,Shrubs > 2 m,Animal path without vehicles,Obstructed by vegetation,Yes,Livestock lightly present,Not near orchard/vineyard,13,9
43,2,16/09/2020,05/10/2020,Browning DARK OPS HD PRO X - Normal Sensitivity,Normal,1 minute,Shrubs > 2 m,Animal path without vehicles,Obstructed by vegetation,Yes,Livestock lightly present,Not near orchard/vineyard,19,1
43,3,05/10/2020,18/10/2020,Browning DARK OPS HD PRO X - Normal Sensitivity,Normal,30 seconds,Shrubs > 2 m,Animal path without vehicles,Obstructed by vegetation,Yes,Livestock lightly present,Not near orchard/vineyard,13,2
43,4,18/10/2020,16/11/2020,Browning DARK OPS HD PRO X - Normal Sensitivity,Normal,30 seconds,Shrubs > 2 m,Animal path without vehicles,Obstructed by vegetation,Yes,Livestock lightly present,Not near orchard/vineyard,29,1
43,5,16/11/2020,01/12/2020,Browning DARK OPS HD PRO X - Normal Sensitivity,Normal,30 seconds,Shrubs > 2 m,Animal path without vehicles,Obstructed by vegetation,Yes,Livestock lightly present,Not near orchard/vineyard,15,0
43,6,01/12/2020,15/12/2020,Browning DARK OPS HD PRO X - Normal Sensitivity,Normal,30 seconds,Shrubs > 2 m,Animal path without vehicles,Obstructed by vegetation,Yes,Livestock lightly present,Not near orchard/vineyard,14,0
43,7,,,NA,NA,NA,NA,NA,NA,NA,NA,NA,NA,NA
44,1,03/09/2020,16/09/2020,Browning DARK OPS HD PRO X - Normal Sensitivity,Normal,1 minute,Shrubs > 2 m,Dirt path more than 1m wide,Obstructed by vegetation,No,Livestock lightly present,Not near orchard/vineyard,13,12
44,2,16/09/2020,05/10/2020,Browning DARK OPS HD PRO X - Normal Sensitivity,Normal,1 minute,Shrubs > 2 m,Dirt path more than 1m wide,Obstructed by vegetation,No,Livestock lightly present,Not near orchard/vineyard,19,0
44,3,05/10/2020,18/10/2020,Browning DARK OPS HD PRO X - Normal Sensitivity,Normal,1 minute,Shrubs > 2 m,Dirt path more than 1m wide,Obstructed by vegetation,No,Livestock lightly present,Not near orchard/vineyard,13,24
44,4,18/10/2020,16/11/2020,Browning DARK OPS HD PRO X - Normal Sensitivity,Normal,1 minute,Shrubs > 2 m,Dirt path more than 1m wide,Obstructed by vegetation,No,Livestock lightly present,Not near orchard/vineyard,29,4
44,5,16/11/2020,01/12/2020,Browning DARK OPS HD PRO X - Normal Sensitivity,Normal,1 minute,Shrubs > 2 m,Dirt path more than 1m wide,Obstructed by vegetation,No,Livestock lightly present,Not near orchard/vineyard,15,6
44,6,01/12/2020,15/12/2020,Browning DARK OPS HD PRO X - Normal Sensitivity,Normal,30 seconds,Shrubs > 2 m,Dirt path more than 1m wide,Obstructed by vegetation,No,Livestock lightly present,Not near orchard/vineyard,14,1
44,7,,,NA,NA,NA,NA,NA,NA,NA,NA,NA,NA,NA
45,1,03/09/2020,05/10/2020,Browning DARK OPS HD PRO X - Normal Sensitivity,Normal,1 minute,Shrubs < 2 m,Dirt path less than 1m wide,Obstructed by vegetation,No,No livestock presence,Not near orchard/vineyard,13,0
45,2,18/10/2020,16/11/2020,Browning DARK OPS HD PRO X - Normal Sensitivity,Normal,1 minute,Shrubs < 2 m,Dirt path less than 1m wide,Obstructed by vegetation,No,No livestock presence,Not near orchard/vineyard,21,0
45,3,,,NA,NA,NA,NA,NA,NA,NA,NA,NA,NA,NA
45,4,,,Browning DARK OPS HD PRO X - Normal Sensitivity,Normal,1 minute,Shrubs < 2 m,Dirt path less than 1m wide,Obstructed by vegetation,No,No livestock presence,Not near orchard/vineyard,29,0
45,5,16/11/2020,01/12/2020,Browning DARK OPS HD PRO X - Normal Sensitivity,Normal,1 minute,Shrubs < 2 m,Dirt path less than 1m wide,Obstructed by vegetation,No,No livestock presence,Not near orchard/vineyard,15,14
45,6,01/12/2020,15/12/2020,Browning DARK OPS HD PRO X - Normal Sensitivity,Normal,1 minute,Shrubs < 2 m,Dirt path less than 1m wide,Obstructed by vegetation,No,No livestock presence,Not near orchard/vineyard,14,18
45,7,,,NA,NA,NA,NA,NA,NA,NA,NA,NA,NA,NA
46,1,,,NA,NA,NA,NA,NA,NA,NA,NA,NA,NA,NA
46,2,13/09/2020,01/10/2020,Bushnell TROPHY CAM HD AGGRESSOR NO-GLOW,Normal,0.6 seconds,Grassland,4x4 Road with off-road vehicles,Clear,Yes,Livestock very present,Not near orchard/vineyard,18,0
46,3,01/10/2020,16/10/2020,Browning DARK OPS HD MAX,Normal,30 seconds,Grassland,4x4 Road with off-road vehicles,Clear,Yes,Livestock very present,Not near orchard/vineyard,15,29
46,4,16/10/2020,05/11/2020,Browning DARK OPS HD MAX,Normal,30 seconds,Grassland,4x4 Road with off-road vehicles,Clear,Yes,Livestock very present,Not near orchard/vineyard,20,7
46,5,,,NA,NA,NA,NA,NA,NA,NA,NA,NA,NA,NA
46,6,,,NA,NA,NA,NA,NA,NA,NA,NA,NA,NA,NA
46,7,,,NA,NA,NA,NA,NA,NA,NA,NA,NA,NA,NA
47,1,03/09/2020,13/09/2020,Bushnell TROPHY CAM HD AGGRESSOR NO-GLOW,Normal,1 second,Shrubs > 2 m,4x4 Road with off-road vehicles,Clear,No,Livestock lightly present,Not near orchard/vineyard,10,61
47,2,13/09/2020,01/10/2020,Bushnell TROPHY CAM HD AGGRESSOR NO-GLOW,Normal,1 second,Shrubs > 2 m,4x4 Road with off-road vehicles,Clear,No,Livestock lightly present,Not near orchard/vineyard,18,0
47,3,01/10/2020,16/10/2020,Browning DARK OPS HD MAX,Normal,30 seconds,Shrubs > 2 m,4x4 Road with off-road vehicles,Clear,No,Livestock lightly present,Not near orchard/vineyard,15,15
47,4,16/10/2020,09/11/2020,Browning DARK OPS HD MAX,Normal,30 seconds,Shrubs > 2 m,4x4 Road with off-road vehicles,Clear,No,Livestock lightly present,Not near orchard/vineyard,24,19
47,5,09/11/2020,04/12/2020,Browning DARK OPS HD MAX,Normal,30 seconds,Shrubs > 2 m,4x4 Road with off-road vehicles,Clear,No,Livestock lightly present,Not near orchard/vineyard,25,13
47,6,04/12/2020,13/12/2020,Browning DARK OPS HD MAX,Normal,30 seconds,Shrubs > 2 m,4x4 Road with off-road vehicles,Clear,No,Livestock lightly present,Not near orchard/vineyard,9,85
47,7,,,NA,NA,NA,NA,NA,NA,NA,NA,NA,NA,NA
48,1,03/09/2020,13/09/2020,Bushnell TROPHY CAM HD AGGRESSOR NO-GLOW,Normal,0.6 seconds,Grassland,4x4 Road with off-road vehicles,Clear,No,Livestock lightly present,Not near orchard/vineyard,10,38
48,2,13/09/2020,01/10/2020,Bushnell TROPHY CAM HD AGGRESSOR NO-GLOW,Normal,0.6 seconds,Grassland,4x4 Road with off-road vehicles,Clear,No,Livestock lightly present,Not near orchard/vineyard,18,14
48,3,01/10/2020,16/10/2020,Browning DARK OPS HD MAX,Normal,30 seconds,Grassland,4x4 Road with off-road vehicles,Clear,No,Livestock lightly present,Not near orchard/vineyard,15,74
48,4,16/10/2020,09/11/2020,Browning DARK OPS HD MAX,Normal,30 seconds,Grassland,4x4 Road with off-road vehicles,Clear,No,Livestock lightly present,Not near orchard/vineyard,24,52
48,5,09/11/2020,04/12/2020,Browning DARK OPS HD MAX,Normal,30 seconds,Grassland,4x4 Road with off-road vehicles,Clear,No,Livestock lightly present,Not near orchard/vineyard,25,7
48,6,04/12/2020,13/12/2020,Browning DARK OPS HD MAX,Normal,30 seconds,Grassland,4x4 Road with off-road vehicles,Clear,No,Livestock lightly present,Not near orchard/vineyard,9,80
48,7,,,NA,NA,NA,NA,NA,NA,NA,NA,NA,NA,NA
49,1,03/09/2020,13/09/2020,Bushnell TROPHY CAM HD AGGRESSOR NO-GLOW,Normal,1 second,Grassland,4x4 Road with off-road vehicles,Clear,No,Livestock lightly present,Not near orchard/vineyard,10,0
49,2,13/09/2020,01/10/2020,Bushnell TROPHY CAM HD AGGRESSOR NO-GLOW,Long,1 second,Grassland,Dirt path more than 1m wide,Clear,No,No livestock presence,Not near orchard/vineyard,18,3
49,3,01/10/2020,16/10/2020,Browning DARK OPS HD MAX,Normal,30 seconds,Grassland,Dirt path more than 1m wide,Clear,No,No livestock presence,Not near orchard/vineyard,15,5
49,4,16/10/2020,09/11/2020,Browning DARK OPS HD MAX,Normal,30 seconds,Grassland,Dirt path more than 1m wide,Clear,No,No livestock presence,Not near orchard/vineyard,24,0
49,5,09/11/2020,04/12/2020,Browning DARK OPS HD MAX,Normal,30 seconds,Grassland,Dirt path more than 1m wide,Clear,No,No livestock presence,Not near orchard/vineyard,25,1
49,6,04/12/2020,13/12/2020,Browning DARK OPS HD MAX,Normal,30 seconds,Grassland,Dirt path more than 1m wide,Clear,No,No livestock presence,Not near orchard/vineyard,9,28
49,7,,,NA,NA,NA,NA,NA,NA,NA,NA,NA,NA,NA
50,1,03/09/2020,13/09/2020,Bushnell TROPHY CAM HD AGGRESSOR NO-GLOW,Normal,0.6 seconds,Grassland,4x4 Road with off-road vehicles,Obstructed by vegetation,No,Livestock very present,Not near orchard/vineyard,10,80
50,2,13/09/2020,01/10/2020,Bushnell TROPHY CAM HD AGGRESSOR NO-GLOW,Normal,1 minute,Grassland,4x4 Road with off-road vehicles,Obstructed by vegetation,No,Livestock very present,Not near orchard/vineyard,18,43
50,3,01/10/2020,16/10/2020,Browning DARK OPS HD MAX,Normal,30 seconds,Grassland,4x4 Road with off-road vehicles,Obstructed by vegetation,No,Livestock very present,Not near orchard/vineyard,15,63
50,4,16/10/2020,09/11/2020,Browning DARK OPS HD MAX,Normal,30 seconds,Grassland,4x4 Road with off-road vehicles,Obstructed by vegetation,No,Livestock very present,Not near orchard/vineyard,24,305
50,5,09/11/2020,04/12/2020,Browning DARK OPS HD MAX,Normal,30 seconds,Grassland,4x4 Road with off-road vehicles,Obstructed by vegetation,No,Livestock very present,Not near orchard/vineyard,25,39
50,6,04/12/2020,13/12/2020,Browning DARK OPS HD MAX,Normal,30 seconds,Grassland,4x4 Road with off-road vehicles,Obstructed by vegetation,No,Livestock very present,Not near orchard/vineyard,9,10
50,7,,,NA,NA,NA,NA,NA,NA,NA,NA,NA,NA,NA
51,1,,,NA,NA,NA,NA,NA,NA,NA,NA,NA,NA,NA
51,2,,,NA,NA,NA,NA,NA,NA,NA,NA,NA,NA,NA
51,3,02/10/2020,16/10/2020,Browning DARK OPS HD MAX,Normal,30 seconds,Grassland,4x4 Road with off-road vehicles,Clear,No,Livestock lightly present,Not near orchard/vineyard,14,16
51,4,16/10/2020,01/11/2020,Browning DARK OPS HD MAX,Normal,30 seconds,Grassland,4x4 Road with off-road vehicles,Clear,No,Livestock lightly present,Not near orchard/vineyard,16,30
51,5,01/11/2020,29/11/2020,Browning DARK OPS HD MAX,Normal,30 seconds,Grassland,4x4 Road with off-road vehicles,Clear,No,Livestock lightly present,Not near orchard/vineyard,28,77
51,6,29/11/2020,13/12/2020,Browning DARK OPS HD MAX,Normal,30 seconds,Grassland,4x4 Road with off-road vehicles,Clear,No,Livestock lightly present,Not near orchard/vineyard,14,26
51,7,,,NA,NA,NA,NA,NA,NA,NA,NA,NA,NA,NA
52,1,04/09/2020,13/09/2020,Bushnell TROPHY CAM HD AGGRESSOR NO-GLOW,Normal,0.6 seconds,Grassland,4x4 Road with off-road vehicles,Clear,No,Livestock lightly present,Not near orchard/vineyard,9,147
52,2,13/09/2020,02/10/2020,Bushnell TROPHY CAM HD AGGRESSOR NO-GLOW,Normal,1 minute,Grassland,4x4 Road with off-road vehicles,Clear,No,Livestock lightly present,Not near orchard/vineyard,19,1
52,3,02/10/2020,16/10/2020,Browning DARK OPS HD MAX,Normal,30 seconds,Grassland,4x4 Road with off-road vehicles,Clear,No,Livestock lightly present,Not near orchard/vineyard,14,12
52,4,16/10/2020,01/11/2020,Browning DARK OPS HD MAX,Normal,30 seconds,Grassland,4x4 Road with off-road vehicles,Clear,No,Livestock lightly present,Not near orchard/vineyard,16,16
52,5,01/11/2020,29/11/2020,Browning DARK OPS HD MAX,Normal,30 seconds,Grassland,4x4 Road with off-road vehicles,Clear,No,Livestock lightly present,Not near orchard/vineyard,28,26
52,6,29/11/2020,13/12/2020,Browning DARK OPS HD MAX,Normal,30 seconds,Grassland,4x4 Road with off-road vehicles,Clear,No,Livestock lightly present,Not near orchard/vineyard,14,29
52,7,,,NA,NA,NA,NA,NA,NA,NA,NA,NA,NA,NA
53,1,04/09/2020,13/09/2020,Bushnell TROPHY CAM HD AGGRESSOR NO-GLOW,Normal,0.6 seconds,Shrubs > 2 m,4x4 Road with off-road vehicles,Obstructed by vegetation,No,Livestock lightly present,Not near orchard/vineyard,9,57
53,2,13/09/2020,02/10/2020,Bushnell TROPHY CAM HD AGGRESSOR NO-GLOW,Normal,1 minute,Shrubs > 2 m,4x4 Road with off-road vehicles,Obstructed by vegetation,No,Livestock lightly present,Not near orchard/vineyard,19,11
53,3,02/10/2020,16/10/2020,Browning DARK OPS HD MAX,Normal,30 seconds,Shrubs > 2 m,4x4 Road with off-road vehicles,Obstructed by vegetation,No,Livestock lightly present,Not near orchard/vineyard,14,29
53,4,16/10/2020,01/11/2020,Browning DARK OPS HD MAX,Normal,30 seconds,Shrubs > 2 m,4x4 Road with off-road vehicles,Obstructed by vegetation,No,Livestock lightly present,Not near orchard/vineyard,16,38
53,5,01/11/2020,29/11/2020,Browning DARK OPS HD MAX,Normal,30 seconds,Shrubs > 2 m,4x4 Road with off-road vehicles,Obstructed by vegetation,No,Livestock lightly present,Not near orchard/vineyard,28,78
53,6,29/11/2020,13/12/2020,Browning DARK OPS HD MAX,Normal,30 seconds,Shrubs > 2 m,4x4 Road with off-road vehicles,Obstructed by vegetation,No,Livestock lightly present,Not near orchard/vineyard,14,64
53,7,,,NA,NA,NA,NA,NA,NA,NA,NA,NA,NA,NA
54,1,04/09/2020,13/09/2020,Bushnell TROPHY CAM HD AGGRESSOR NO-GLOW,Normal,0.6 seconds,Grassland,4x4 Road with off-road vehicles,Impassable due to topography,No,Livestock very present,Not near orchard/vineyard,9,8
54,2,13/09/2020,02/10/2020,Bushnell TROPHY CAM HD AGGRESSOR NO-GLOW,Normal,1 minute,Grassland,4x4 Road with off-road vehicles,Impassable due to topography,No,Livestock very present,Not near orchard/vineyard,19,96
54,3,02/10/2020,16/10/2020,Browning DARK OPS HD MAX,Normal,30 seconds,Grassland,4x4 Road with off-road vehicles,Impassable due to topography,No,Livestock very present,Not near orchard/vineyard,14,84
54,4,16/10/2020,01/11/2020,Browning DARK OPS HD MAX,Normal,30 seconds,Grassland,4x4 Road with off-road vehicles,Impassable due to topography,No,Livestock very present,Not near orchard/vineyard,16,75
54,5,,,NA,NA,NA,NA,NA,NA,NA,NA,NA,NA,NA
54,6,,,NA,NA,NA,NA,NA,NA,NA,NA,NA,NA,NA
54,7,,,NA,NA,NA,NA,NA,NA,NA,NA,NA,NA,NA
55,1,04/09/2020,13/09/2020,Bushnell TROPHY CAM HD AGGRESSOR NO-GLOW,Normal,0.6 seconds,Grassland,Dirt path more than 1m wide,Obstructed by vegetation,No,Livestock very present,Not near orchard/vineyard,9,8
55,2,13/09/2020,02/10/2020,Bushnell TROPHY CAM HD AGGRESSOR NO-GLOW,Normal,1 minute,Grassland,Dirt path more than 1m wide,Obstructed by vegetation,No,Livestock very present,Not near orchard/vineyard,19,3
55,3,02/10/2020,16/10/2020,Browning DARK OPS HD MAX,Normal,30 seconds,Grassland,Dirt path more than 1m wide,Obstructed by vegetation,No,Livestock very present,Not near orchard/vineyard,14,98
55,4,16/10/2020,01/11/2020,Browning DARK OPS HD MAX,Normal,30 seconds,Grassland,Dirt path more than 1m wide,Obstructed by vegetation,No,Livestock very present,Not near orchard/vineyard,16,14
55,5,01/11/2020,29/11/2020,Browning DARK OPS HD MAX,Normal,30 seconds,Grassland,Dirt path more than 1m wide,Obstructed by vegetation,No,Livestock very present,Not near orchard/vineyard,28,46
55,6,29/11/2020,13/12/2020,Browning DARK OPS HD MAX,Normal,30 seconds,Grassland,Dirt path more than 1m wide,Obstructed by vegetation,No,Livestock very present,Not near orchard/vineyard,14,71
55,7,,,NA,NA,NA,NA,NA,NA,NA,NA,NA,NA,NA
56,1,06/09/2020,17/09/2020,Browning DARK OPS HD PRO X - Normal Sensitivity,Normal,1 minute,Grassland,4x4 Road with off-road vehicles,Obstructed by vegetation,No,Livestock lightly present,Not near orchard/vineyard,11,0
56,2,17/09/2020,01/10/2020,Browning DARK OPS HD PRO X - Normal Sensitivity,Normal,1 minute,Grassland,4x4 Road with off-road vehicles,Obstructed by vegetation,No,Livestock lightly present,Not near orchard/vineyard,14,0
56,3,01/10/2020,18/10/2020,Browning DARK OPS HD PRO X - Normal Sensitivity,Normal,30 seconds,Grassland,4x4 Road with off-road vehicles,Obstructed by vegetation,No,Livestock lightly present,Not near orchard/vineyard,17,0
56,4,18/10/2020,16/11/2020,NA,NA,NA,NA,NA,NA,NA,NA,NA,NA,NA
56,5,16/11/2020,01/12/2020,Browning DARK OPS HD PRO X - Normal Sensitivity,Normal,30 seconds,Grassland,4x4 Road with off-road vehicles,Obstructed by vegetation,No,Livestock lightly present,Not near orchard/vineyard,15,21
56,6,01/12/2020,15/12/2020,Browning DARK OPS HD PRO X - Normal Sensitivity,Normal,30 seconds,Grassland,4x4 Road with off-road vehicles,Obstructed by vegetation,No,Livestock lightly present,Not near orchard/vineyard,14,34
56,7,,,NA,NA,NA,NA,NA,NA,NA,NA,NA,NA,NA
57,1,06/09/2020,17/09/2020,Bushnell TROPHY CAM HD AGGRESSOR NO-GLOW,Normal,1 minute,Shrubs > 2 m,4x4 Road with off-road vehicles,Obstructed by vegetation,No,Livestock lightly present,Not near orchard/vineyard,11,0
57,2,17/09/2020,01/10/2020,Bushnell TROPHY CAM HD AGGRESSOR NO-GLOW,Normal,1 minute,Shrubs > 2 m,4x4 Road with off-road vehicles,Obstructed by vegetation,No,Livestock lightly present,Not near orchard/vineyard,14,1
57,3,01/10/2020,18/10/2020,Browning DARK OPS HD MAX,Normal,30 seconds,Shrubs > 2 m,4x4 Road with off-road vehicles,Obstructed by vegetation,No,Livestock lightly present,Not near orchard/vineyard,17,1
57,4,18/10/2020,16/11/2020,Browning DARK OPS HD MAX,Normal,30 seconds,Shrubs > 2 m,4x4 Road with off-road vehicles,Obstructed by vegetation,No,Livestock lightly present,Not near orchard/vineyard,29,0
57,5,16/11/2020,01/12/2020,Browning DARK OPS HD MAX,Normal,30 seconds,Shrubs > 2 m,4x4 Road with off-road vehicles,Obstructed by vegetation,No,Livestock lightly present,Not near orchard/vineyard,15,3
57,6,01/12/2020,15/12/2020,Browning DARK OPS HD MAX,Normal,30 seconds,Shrubs > 2 m,4x4 Road with off-road vehicles,Obstructed by vegetation,No,Livestock lightly present,Not near orchard/vineyard,14,54
57,7,,,NA,NA,NA,NA,NA,NA,NA,NA,NA,NA,NA
58,1,06/09/2020,17/09/2020,Bushnell TROPHY CAM HD AGGRESSOR NO-GLOW,Normal,1 minute,Shrubs > 2 m,4x4 Road with off-road vehicles,Obstructed by vegetation,No,Livestock very present,Not near orchard/vineyard,11,0
58,2,17/09/2020,01/10/2020,Bushnell TROPHY CAM HD AGGRESSOR NO-GLOW,Normal,1 minute,Shrubs > 2 m,4x4 Road with off-road vehicles,Obstructed by vegetation,No,Livestock very present,Not near orchard/vineyard,14,0
58,3,01/10/2020,18/10/2020,Browning DARK OPS HD MAX,Normal,30 seconds,Shrubs > 2 m,4x4 Road with off-road vehicles,Obstructed by vegetation,No,Livestock very present,Not near orchard/vineyard,17,3
58,4,18/10/2020,16/11/2020,Browning DARK OPS HD MAX,Normal,30 seconds,Shrubs > 2 m,4x4 Road with off-road vehicles,Obstructed by vegetation,No,Livestock very present,Not near orchard/vineyard,29,21
58,5,16/11/2020,01/12/2020,Browning DARK OPS HD MAX,Normal,30 seconds,Shrubs > 2 m,4x4 Road with off-road vehicles,Obstructed by vegetation,No,Livestock very present,Not near orchard/vineyard,15,23
58,6,01/12/2020,15/12/2020,Browning DARK OPS HD MAX,Normal,30 seconds,Shrubs > 2 m,4x4 Road with off-road vehicles,Obstructed by vegetation,No,Livestock very present,Not near orchard/vineyard,14,0
58,7,,,NA,NA,NA,NA,NA,NA,NA,NA,NA,NA,NA
59,1,06/09/2020,17/09/2020,Bushnell TROPHY CAM HD AGGRESSOR NO-GLOW,Normal,1 minute,Shrubs > 2 m,4x4 Road with off-road vehicles,Obstructed by vegetation,No,Livestock very present,Not near orchard/vineyard,11,1
59,2,17/09/2020,01/10/2020,Bushnell TROPHY CAM HD AGGRESSOR NO-GLOW,Normal,1 minute,Shrubs > 2 m,4x4 Road with off-road vehicles,Obstructed by vegetation,No,Livestock very present,Not near orchard/vineyard,14,0
59,3,01/10/2020,18/10/2020,Browning DARK OPS HD MAX,Normal,30 seconds,Shrubs > 2 m,4x4 Road with off-road vehicles,Obstructed by vegetation,No,Livestock very present,Not near orchard/vineyard,17,0
59,4,18/10/2020,16/11/2020,Browning DARK OPS HD MAX,Normal,30 seconds,Shrubs > 2 m,4x4 Road with off-road vehicles,Obstructed by vegetation,No,Livestock very present,Not near orchard/vineyard,29,113
59,5,16/11/2020,01/12/2020,Browning DARK OPS HD MAX,Normal,30 seconds,Shrubs > 2 m,4x4 Road with off-road vehicles,Obstructed by vegetation,No,Livestock very present,Not near orchard/vineyard,15,348
59,6,01/12/2020,15/12/2020,Browning DARK OPS HD MAX,Normal,30 seconds,Shrubs > 2 m,4x4 Road with off-road vehicles,Obstructed by vegetation,No,Livestock very present,Not near orchard/vineyard,14,1
59,7,,,NA,NA,NA,NA,NA,NA,NA,NA,NA,NA,NA
60,1,06/09/2020,17/09/2020,NA,NA,NA,NA,NA,NA,NA,NA,NA,NA,NA
60,2,17/09/2020,01/10/2020,NA,NA,NA,NA,NA,NA,NA,NA,NA,NA,NA
60,3,01/10/2020,18/10/2020,Browning DARK OPS HD MAX,Normal,30 seconds,Shrubs < 2 m,4x4 Road with off-road vehicles,Obstructed by vegetation,No,Livestock very present,Not near orchard/vineyard,17,0
60,4,18/10/2020,16/11/2020,Browning DARK OPS HD MAX,Normal,30 seconds,Shrubs < 2 m,4x4 Road with off-road vehicles,Obstructed by vegetation,No,Livestock very present,Not near orchard/vineyard,29,6
60,5,16/11/2020,01/12/2020,Browning DARK OPS HD MAX,Normal,30 seconds,Shrubs < 2 m,4x4 Road with off-road vehicles,Obstructed by vegetation,No,Livestock very present,Not near orchard/vineyard,15,60
60,6,01/12/2020,15/12/2020,Browning DARK OPS HD MAX,Normal,30 seconds,Shrubs < 2 m,4x4 Road with off-road vehicles,Obstructed by vegetation,No,Livestock very present,Not near orchard/vineyard,14,27
60,7,,,NA,NA,NA,NA,NA,NA,NA,NA,NA,NA,NA
